Function,File,Line,Time (s),Relative Scale (×min)
__init__,c:\Users\HP\Desktop\agentWordle\yudi.py,30,0.000031,32.50
__init__,c:\Users\HP\Desktop\agentWordle\gui_agents\s2_5\core\engine.py,152,0.000004,4.00
add_system_prompt,c:\Users\HP\Desktop\agentWordle\gui_agents\s2_5\core\mllm.py,71,0.000004,3.75
__init__,c:\Users\HP\Desktop\agentWordle\gui_agents\s2_5\core\mllm.py,18,0.000023,24.50
__init__,c:\Users\HP\Desktop\agentWordle\gui_agents\s2_5\core\engine.py,152,0.000002,2.25
add_system_prompt,c:\Users\HP\Desktop\agentWordle\gui_agents\s2_5\core\mllm.py,71,0.000002,2.50
__init__,c:\Users\HP\Desktop\agentWordle\gui_agents\s2_5\core\mllm.py,18,0.000010,10.75
__init__,c:\Users\HP\Desktop\agentWordle\gui_agents\s2_5\agents\grounding.py,160,0.000051,54.00
__init__,c:\Users\HP\Desktop\agentWordle\gui_agents\s2_5\agents\agent_s.py,14,0.000001,1.25
__init__,c:\Users\HP\Desktop\agentWordle\gui_agents\s2_5\core\module.py,6,0.000001,1.25
construct_simple_worker_procedural_memory,c:\Users\HP\Desktop\agentWordle\gui_agents\s2_5\memory\procedural_memory.py,6,0.000055,58.00
reset,c:\Users\HP\Desktop\agentWordle\gui_agents\s2_5\agents\worker.py,53,0.000076,79.25
__init__,c:\Users\HP\Desktop\agentWordle\gui_agents\s2_5\agents\worker.py,20,0.000088,92.50
reset,c:\Users\HP\Desktop\agentWordle\gui_agents\s2_5\agents\agent_s.py,74,0.000200,209.50
__init__,c:\Users\HP\Desktop\agentWordle\gui_agents\s2_5\agents\agent_s.py,51,0.000218,228.25
create_agent,c:\Users\HP\Desktop\agentWordle\yudi.py,57,0.000306,320.50
__init__,c:\Users\HP\Desktop\agentWordle\gui_agents\s2_5\core\engine.py,152,0.000002,2.25
add_system_prompt,c:\Users\HP\Desktop\agentWordle\gui_agents\s2_5\core\mllm.py,71,0.000002,2.25
__init__,c:\Users\HP\Desktop\agentWordle\gui_agents\s2_5\core\mllm.py,18,0.000011,11.75
add_system_prompt,c:\Users\HP\Desktop\agentWordle\gui_agents\s2_5\core\mllm.py,71,0.000002,2.00
_create_agent,c:\Users\HP\Desktop\agentWordle\gui_agents\s2_5\core\module.py,10,0.000018,18.50
__init__,c:\Users\HP\Desktop\agentWordle\gui_agents\s2_5\core\engine.py,152,0.000002,1.75
add_system_prompt,c:\Users\HP\Desktop\agentWordle\gui_agents\s2_5\core\mllm.py,71,0.000002,2.00
__init__,c:\Users\HP\Desktop\agentWordle\gui_agents\s2_5\core\mllm.py,18,0.000009,9.50
add_system_prompt,c:\Users\HP\Desktop\agentWordle\gui_agents\s2_5\core\mllm.py,71,0.000002,1.75
_create_agent,c:\Users\HP\Desktop\agentWordle\gui_agents\s2_5\core\module.py,10,0.000015,16.00
screenshot,c:\Users\HP\Desktop\agentWordle\yudi.py,39,0.000062,65.25
run_task,c:\Users\HP\Desktop\agentWordle\yudi.py,76,0.000413,433.25
add_system_prompt,c:\Users\HP\Desktop\agentWordle\gui_agents\s2_5\core\mllm.py,71,0.000007,7.50
generate_next_action,c:\Users\HP\Desktop\agentWordle\gui_agents\s2_5\agents\worker.py,101,0.000075,78.75
predict,c:\Users\HP\Desktop\agentWordle\gui_agents\s2_5\agents\agent_s.py,84,0.000107,111.75
add_system_prompt,c:\Users\HP\Desktop\agentWordle\gui_agents\s2_5\core\mllm.py,71,0.000003,3.50
encode_image,c:\Users\HP\Desktop\agentWordle\gui_agents\s2_5\core\mllm.py,52,0.000375,393.25
add_message,c:\Users\HP\Desktop\agentWordle\gui_agents\s2_5\core\mllm.py,112,0.000404,424.00
encode_image,c:\Users\HP\Desktop\agentWordle\gui_agents\s2_5\core\mllm.py,52,0.000365,383.25
add_message,c:\Users\HP\Desktop\agentWordle\gui_agents\s2_5\core\mllm.py,112,0.000387,406.00
get_response,c:\Users\HP\Desktop\agentWordle\gui_agents\s2_5\core\mllm.py,274,0.000024,25.50
call_llm_safe,c:\Users\HP\Desktop\agentWordle\gui_agents\s2_5\utils\common_utils.py,7,0.000034,35.25
generate,c:\Users\HP\Desktop\agentWordle\gui_agents\s2_5\core\engine.py,169,0.000014,14.25
split_thinking_response,c:\Users\HP\Desktop\agentWordle\gui_agents\s2_5\utils\common_utils.py,29,0.000030,31.50
add_message,c:\Users\HP\Desktop\agentWordle\gui_agents\s2_5\core\mllm.py,112,0.000013,13.50
parse_single_code_from_string,c:\Users\HP\Desktop\agentWordle\gui_agents\s2_5\utils\common_utils.py,44,0.000013,13.25
assign_coordinates,c:\Users\HP\Desktop\agentWordle\gui_agents\s2_5\agents\grounding.py,295,0.000030,31.00
parse_function_args,c:\Users\HP\Desktop\agentWordle\gui_agents\s2_5\agents\grounding.py,335,0.000059,62.00
safe_eval,c:\Users\HP\Desktop\agentWordle\gui_agents\s2_5\agents\grounding.py,339,0.000002,2.50
safe_eval,c:\Users\HP\Desktop\agentWordle\gui_agents\s2_5\agents\grounding.py,339,0.000002,2.25
parse_single_code_from_string,c:\Users\HP\Desktop\agentWordle\gui_agents\s2_5\utils\common_utils.py,44,0.000009,9.00
sanitize_code,c:\Users\HP\Desktop\agentWordle\gui_agents\s2_5\utils\common_utils.py,85,0.000001,1.00
extract_first_agent_function,c:\Users\HP\Desktop\agentWordle\gui_agents\s2_5\utils\common_utils.py,98,0.000009,9.75
type,c:\Users\HP\Desktop\agentWordle\gui_agents\s2_5\agents\grounding.py,412,0.000005,5.00
flush_messages,c:\Users\HP\Desktop\agentWordle\gui_agents\s2_5\agents\worker.py,75,0.000019,20.00
exec,c:\Users\HP\Desktop\agentWordle\yudi.py,46,0.000041,42.75
screenshot,c:\Users\HP\Desktop\agentWordle\yudi.py,39,0.000073,76.50
encode_image,c:\Users\HP\Desktop\agentWordle\gui_agents\s2_5\core\mllm.py,52,0.000430,451.25
add_message,c:\Users\HP\Desktop\agentWordle\gui_agents\s2_5\core\mllm.py,112,0.000459,481.50
generate_next_action,c:\Users\HP\Desktop\agentWordle\gui_agents\s2_5\agents\worker.py,101,0.000507,531.25
get_response,c:\Users\HP\Desktop\agentWordle\gui_agents\s2_5\core\mllm.py,274,0.000012,13.00
call_llm_safe,c:\Users\HP\Desktop\agentWordle\gui_agents\s2_5\utils\common_utils.py,7,0.000020,20.75
predict,c:\Users\HP\Desktop\agentWordle\gui_agents\s2_5\agents\agent_s.py,84,0.000554,580.75
generate,c:\Users\HP\Desktop\agentWordle\gui_agents\s2_5\core\engine.py,169,0.000013,13.50
split_thinking_response,c:\Users\HP\Desktop\agentWordle\gui_agents\s2_5\utils\common_utils.py,29,0.000019,19.75
encode_image,c:\Users\HP\Desktop\agentWordle\gui_agents\s2_5\core\mllm.py,52,0.000543,569.25
add_message,c:\Users\HP\Desktop\agentWordle\gui_agents\s2_5\core\mllm.py,112,0.000583,611.00
get_response,c:\Users\HP\Desktop\agentWordle\gui_agents\s2_5\core\mllm.py,274,0.000011,11.25
call_llm_safe,c:\Users\HP\Desktop\agentWordle\gui_agents\s2_5\utils\common_utils.py,7,0.000018,18.75
generate,c:\Users\HP\Desktop\agentWordle\gui_agents\s2_5\core\engine.py,169,0.000014,14.25
split_thinking_response,c:\Users\HP\Desktop\agentWordle\gui_agents\s2_5\utils\common_utils.py,29,0.000017,18.00
add_message,c:\Users\HP\Desktop\agentWordle\gui_agents\s2_5\core\mllm.py,112,0.000012,12.75
parse_single_code_from_string,c:\Users\HP\Desktop\agentWordle\gui_agents\s2_5\utils\common_utils.py,44,0.000011,11.25
assign_coordinates,c:\Users\HP\Desktop\agentWordle\gui_agents\s2_5\agents\grounding.py,295,0.000019,20.00
parse_function_args,c:\Users\HP\Desktop\agentWordle\gui_agents\s2_5\agents\grounding.py,335,0.000059,61.50
safe_eval,c:\Users\HP\Desktop\agentWordle\gui_agents\s2_5\agents\grounding.py,339,0.000003,2.75
safe_eval,c:\Users\HP\Desktop\agentWordle\gui_agents\s2_5\agents\grounding.py,339,0.000002,1.75
parse_single_code_from_string,c:\Users\HP\Desktop\agentWordle\gui_agents\s2_5\utils\common_utils.py,44,0.000009,9.75
sanitize_code,c:\Users\HP\Desktop\agentWordle\gui_agents\s2_5\utils\common_utils.py,85,0.000001,1.50
extract_first_agent_function,c:\Users\HP\Desktop\agentWordle\gui_agents\s2_5\utils\common_utils.py,98,0.000006,6.00
type,c:\Users\HP\Desktop\agentWordle\gui_agents\s2_5\agents\grounding.py,412,0.000005,5.75
flush_messages,c:\Users\HP\Desktop\agentWordle\gui_agents\s2_5\agents\worker.py,75,0.000027,28.00
exec,c:\Users\HP\Desktop\agentWordle\yudi.py,46,0.000031,32.25
screenshot,c:\Users\HP\Desktop\agentWordle\yudi.py,39,0.000042,44.50
encode_image,c:\Users\HP\Desktop\agentWordle\gui_agents\s2_5\core\mllm.py,52,0.000453,475.25
add_message,c:\Users\HP\Desktop\agentWordle\gui_agents\s2_5\core\mllm.py,112,0.000483,506.25
generate_next_action,c:\Users\HP\Desktop\agentWordle\gui_agents\s2_5\agents\worker.py,101,0.000516,540.75
get_response,c:\Users\HP\Desktop\agentWordle\gui_agents\s2_5\core\mllm.py,274,0.000011,11.25
call_llm_safe,c:\Users\HP\Desktop\agentWordle\gui_agents\s2_5\utils\common_utils.py,7,0.000017,17.75
predict,c:\Users\HP\Desktop\agentWordle\gui_agents\s2_5\agents\agent_s.py,84,0.000563,590.25
generate,c:\Users\HP\Desktop\agentWordle\gui_agents\s2_5\core\engine.py,169,0.000012,12.75
split_thinking_response,c:\Users\HP\Desktop\agentWordle\gui_agents\s2_5\utils\common_utils.py,29,0.000017,18.00
encode_image,c:\Users\HP\Desktop\agentWordle\gui_agents\s2_5\core\mllm.py,52,0.000595,623.75
add_message,c:\Users\HP\Desktop\agentWordle\gui_agents\s2_5\core\mllm.py,112,0.000632,662.50
get_response,c:\Users\HP\Desktop\agentWordle\gui_agents\s2_5\core\mllm.py,274,0.000012,12.50
call_llm_safe,c:\Users\HP\Desktop\agentWordle\gui_agents\s2_5\utils\common_utils.py,7,0.000020,20.75
generate,c:\Users\HP\Desktop\agentWordle\gui_agents\s2_5\core\engine.py,169,0.000014,14.25
split_thinking_response,c:\Users\HP\Desktop\agentWordle\gui_agents\s2_5\utils\common_utils.py,29,0.000026,27.50
add_message,c:\Users\HP\Desktop\agentWordle\gui_agents\s2_5\core\mllm.py,112,0.000016,16.75
parse_single_code_from_string,c:\Users\HP\Desktop\agentWordle\gui_agents\s2_5\utils\common_utils.py,44,0.000017,18.00
assign_coordinates,c:\Users\HP\Desktop\agentWordle\gui_agents\s2_5\agents\grounding.py,295,0.000026,27.75
parse_function_args,c:\Users\HP\Desktop\agentWordle\gui_agents\s2_5\agents\grounding.py,335,0.000072,75.75
safe_eval,c:\Users\HP\Desktop\agentWordle\gui_agents\s2_5\agents\grounding.py,339,0.000005,5.00
safe_eval,c:\Users\HP\Desktop\agentWordle\gui_agents\s2_5\agents\grounding.py,339,0.000003,3.25
parse_single_code_from_string,c:\Users\HP\Desktop\agentWordle\gui_agents\s2_5\utils\common_utils.py,44,0.000015,15.50
sanitize_code,c:\Users\HP\Desktop\agentWordle\gui_agents\s2_5\utils\common_utils.py,85,0.000002,2.25
extract_first_agent_function,c:\Users\HP\Desktop\agentWordle\gui_agents\s2_5\utils\common_utils.py,98,0.000009,9.00
type,c:\Users\HP\Desktop\agentWordle\gui_agents\s2_5\agents\grounding.py,412,0.000007,7.25
flush_messages,c:\Users\HP\Desktop\agentWordle\gui_agents\s2_5\agents\worker.py,75,0.000048,50.75
exec,c:\Users\HP\Desktop\agentWordle\yudi.py,46,0.000028,29.75
screenshot,c:\Users\HP\Desktop\agentWordle\yudi.py,39,0.000052,54.50
encode_image,c:\Users\HP\Desktop\agentWordle\gui_agents\s2_5\core\mllm.py,52,0.000494,518.25
add_message,c:\Users\HP\Desktop\agentWordle\gui_agents\s2_5\core\mllm.py,112,0.000529,554.50
generate_next_action,c:\Users\HP\Desktop\agentWordle\gui_agents\s2_5\agents\worker.py,101,0.000561,588.75
get_response,c:\Users\HP\Desktop\agentWordle\gui_agents\s2_5\core\mllm.py,274,0.000013,13.25
call_llm_safe,c:\Users\HP\Desktop\agentWordle\gui_agents\s2_5\utils\common_utils.py,7,0.000020,20.50
predict,c:\Users\HP\Desktop\agentWordle\gui_agents\s2_5\agents\agent_s.py,84,0.000607,637.00
generate,c:\Users\HP\Desktop\agentWordle\gui_agents\s2_5\core\engine.py,169,0.000013,13.50
split_thinking_response,c:\Users\HP\Desktop\agentWordle\gui_agents\s2_5\utils\common_utils.py,29,0.000016,17.00
encode_image,c:\Users\HP\Desktop\agentWordle\gui_agents\s2_5\core\mllm.py,52,0.000584,612.75
add_message,c:\Users\HP\Desktop\agentWordle\gui_agents\s2_5\core\mllm.py,112,0.000675,708.00
get_response,c:\Users\HP\Desktop\agentWordle\gui_agents\s2_5\core\mllm.py,274,0.000011,11.25
call_llm_safe,c:\Users\HP\Desktop\agentWordle\gui_agents\s2_5\utils\common_utils.py,7,0.000018,19.25
generate,c:\Users\HP\Desktop\agentWordle\gui_agents\s2_5\core\engine.py,169,0.000013,13.25
split_thinking_response,c:\Users\HP\Desktop\agentWordle\gui_agents\s2_5\utils\common_utils.py,29,0.000021,22.50
add_message,c:\Users\HP\Desktop\agentWordle\gui_agents\s2_5\core\mllm.py,112,0.000012,12.25
parse_single_code_from_string,c:\Users\HP\Desktop\agentWordle\gui_agents\s2_5\utils\common_utils.py,44,0.000011,11.25
assign_coordinates,c:\Users\HP\Desktop\agentWordle\gui_agents\s2_5\agents\grounding.py,295,0.000018,19.00
parse_function_args,c:\Users\HP\Desktop\agentWordle\gui_agents\s2_5\agents\grounding.py,335,0.000070,73.25
safe_eval,c:\Users\HP\Desktop\agentWordle\gui_agents\s2_5\agents\grounding.py,339,0.000003,2.75
safe_eval,c:\Users\HP\Desktop\agentWordle\gui_agents\s2_5\agents\grounding.py,339,0.000002,1.75
parse_single_code_from_string,c:\Users\HP\Desktop\agentWordle\gui_agents\s2_5\utils\common_utils.py,44,0.000010,10.00
sanitize_code,c:\Users\HP\Desktop\agentWordle\gui_agents\s2_5\utils\common_utils.py,85,0.000001,1.50
extract_first_agent_function,c:\Users\HP\Desktop\agentWordle\gui_agents\s2_5\utils\common_utils.py,98,0.000005,5.75
type,c:\Users\HP\Desktop\agentWordle\gui_agents\s2_5\agents\grounding.py,412,0.000005,5.00
flush_messages,c:\Users\HP\Desktop\agentWordle\gui_agents\s2_5\agents\worker.py,75,0.000050,52.25
exec,c:\Users\HP\Desktop\agentWordle\yudi.py,46,0.000029,30.75
screenshot,c:\Users\HP\Desktop\agentWordle\yudi.py,39,0.000072,75.00
encode_image,c:\Users\HP\Desktop\agentWordle\gui_agents\s2_5\core\mllm.py,52,0.000512,536.75
add_message,c:\Users\HP\Desktop\agentWordle\gui_agents\s2_5\core\mllm.py,112,0.000551,577.75
generate_next_action,c:\Users\HP\Desktop\agentWordle\gui_agents\s2_5\agents\worker.py,101,0.000597,626.25
get_response,c:\Users\HP\Desktop\agentWordle\gui_agents\s2_5\core\mllm.py,274,0.000014,15.00
call_llm_safe,c:\Users\HP\Desktop\agentWordle\gui_agents\s2_5\utils\common_utils.py,7,0.000022,22.75
predict,c:\Users\HP\Desktop\agentWordle\gui_agents\s2_5\agents\agent_s.py,84,0.000648,680.00
generate,c:\Users\HP\Desktop\agentWordle\gui_agents\s2_5\core\engine.py,169,0.000016,16.50
split_thinking_response,c:\Users\HP\Desktop\agentWordle\gui_agents\s2_5\utils\common_utils.py,29,0.000016,16.50
encode_image,c:\Users\HP\Desktop\agentWordle\gui_agents\s2_5\core\mllm.py,52,0.000554,580.50
add_message,c:\Users\HP\Desktop\agentWordle\gui_agents\s2_5\core\mllm.py,112,0.000617,646.50
get_response,c:\Users\HP\Desktop\agentWordle\gui_agents\s2_5\core\mllm.py,274,0.000017,17.75
call_llm_safe,c:\Users\HP\Desktop\agentWordle\gui_agents\s2_5\utils\common_utils.py,7,0.000030,31.75
generate,c:\Users\HP\Desktop\agentWordle\gui_agents\s2_5\core\engine.py,169,0.000020,21.25
split_thinking_response,c:\Users\HP\Desktop\agentWordle\gui_agents\s2_5\utils\common_utils.py,29,0.000018,19.25
add_message,c:\Users\HP\Desktop\agentWordle\gui_agents\s2_5\core\mllm.py,112,0.000013,13.50
parse_single_code_from_string,c:\Users\HP\Desktop\agentWordle\gui_agents\s2_5\utils\common_utils.py,44,0.000012,12.50
assign_coordinates,c:\Users\HP\Desktop\agentWordle\gui_agents\s2_5\agents\grounding.py,295,0.000019,19.75
parse_function_args,c:\Users\HP\Desktop\agentWordle\gui_agents\s2_5\agents\grounding.py,335,0.000063,66.25
parse_single_code_from_string,c:\Users\HP\Desktop\agentWordle\gui_agents\s2_5\utils\common_utils.py,44,0.000015,16.25
sanitize_code,c:\Users\HP\Desktop\agentWordle\gui_agents\s2_5\utils\common_utils.py,85,0.000002,2.50
extract_first_agent_function,c:\Users\HP\Desktop\agentWordle\gui_agents\s2_5\utils\common_utils.py,98,0.000009,9.25
fail,c:\Users\HP\Desktop\agentWordle\gui_agents\s2_5\agents\grounding.py,599,0.000003,3.00
flush_messages,c:\Users\HP\Desktop\agentWordle\gui_agents\s2_5\agents\worker.py,75,0.000055,57.75
exec,c:\Users\HP\Desktop\agentWordle\yudi.py,46,0.000038,40.25
screenshot,c:\Users\HP\Desktop\agentWordle\yudi.py,39,0.000051,53.00
encode_image,c:\Users\HP\Desktop\agentWordle\gui_agents\s2_5\core\mllm.py,52,0.000496,520.50
add_message,c:\Users\HP\Desktop\agentWordle\gui_agents\s2_5\core\mllm.py,112,0.000528,553.50
generate_next_action,c:\Users\HP\Desktop\agentWordle\gui_agents\s2_5\agents\worker.py,101,0.000585,613.75
get_response,c:\Users\HP\Desktop\agentWordle\gui_agents\s2_5\core\mllm.py,274,0.000011,11.75
call_llm_safe,c:\Users\HP\Desktop\agentWordle\gui_agents\s2_5\utils\common_utils.py,7,0.000018,18.50
predict,c:\Users\HP\Desktop\agentWordle\gui_agents\s2_5\agents\agent_s.py,84,0.000626,656.75
generate,c:\Users\HP\Desktop\agentWordle\gui_agents\s2_5\core\engine.py,169,0.000014,14.25
split_thinking_response,c:\Users\HP\Desktop\agentWordle\gui_agents\s2_5\utils\common_utils.py,29,0.000026,27.75
encode_image,c:\Users\HP\Desktop\agentWordle\gui_agents\s2_5\core\mllm.py,52,0.000638,668.50
add_message,c:\Users\HP\Desktop\agentWordle\gui_agents\s2_5\core\mllm.py,112,0.000677,709.50
get_response,c:\Users\HP\Desktop\agentWordle\gui_agents\s2_5\core\mllm.py,274,0.000012,12.50
call_llm_safe,c:\Users\HP\Desktop\agentWordle\gui_agents\s2_5\utils\common_utils.py,7,0.000020,20.50
generate,c:\Users\HP\Desktop\agentWordle\gui_agents\s2_5\core\engine.py,169,0.000012,12.50
split_thinking_response,c:\Users\HP\Desktop\agentWordle\gui_agents\s2_5\utils\common_utils.py,29,0.000023,24.00
add_message,c:\Users\HP\Desktop\agentWordle\gui_agents\s2_5\core\mllm.py,112,0.000012,12.25
parse_single_code_from_string,c:\Users\HP\Desktop\agentWordle\gui_agents\s2_5\utils\common_utils.py,44,0.000010,11.00
assign_coordinates,c:\Users\HP\Desktop\agentWordle\gui_agents\s2_5\agents\grounding.py,295,0.000017,18.25
parse_function_args,c:\Users\HP\Desktop\agentWordle\gui_agents\s2_5\agents\grounding.py,335,0.000051,53.00
parse_single_code_from_string,c:\Users\HP\Desktop\agentWordle\gui_agents\s2_5\utils\common_utils.py,44,0.000010,10.00
sanitize_code,c:\Users\HP\Desktop\agentWordle\gui_agents\s2_5\utils\common_utils.py,85,0.000002,1.75
extract_first_agent_function,c:\Users\HP\Desktop\agentWordle\gui_agents\s2_5\utils\common_utils.py,98,0.000006,6.00
fail,c:\Users\HP\Desktop\agentWordle\gui_agents\s2_5\agents\grounding.py,599,0.000001,1.00
flush_messages,c:\Users\HP\Desktop\agentWordle\gui_agents\s2_5\agents\worker.py,75,0.000055,58.00
exec,c:\Users\HP\Desktop\agentWordle\yudi.py,46,0.000038,40.00
screenshot,c:\Users\HP\Desktop\agentWordle\yudi.py,39,0.000073,77.00
encode_image,c:\Users\HP\Desktop\agentWordle\gui_agents\s2_5\core\mllm.py,52,0.000501,525.75
add_message,c:\Users\HP\Desktop\agentWordle\gui_agents\s2_5\core\mllm.py,112,0.000533,558.50
generate_next_action,c:\Users\HP\Desktop\agentWordle\gui_agents\s2_5\agents\worker.py,101,0.000559,586.00
get_response,c:\Users\HP\Desktop\agentWordle\gui_agents\s2_5\core\mllm.py,274,0.000011,11.75
call_llm_safe,c:\Users\HP\Desktop\agentWordle\gui_agents\s2_5\utils\common_utils.py,7,0.000017,18.25
predict,c:\Users\HP\Desktop\agentWordle\gui_agents\s2_5\agents\agent_s.py,84,0.000598,627.50
generate,c:\Users\HP\Desktop\agentWordle\gui_agents\s2_5\core\engine.py,169,0.000012,12.75
split_thinking_response,c:\Users\HP\Desktop\agentWordle\gui_agents\s2_5\utils\common_utils.py,29,0.000019,19.50
encode_image,c:\Users\HP\Desktop\agentWordle\gui_agents\s2_5\core\mllm.py,52,0.000605,634.25
add_message,c:\Users\HP\Desktop\agentWordle\gui_agents\s2_5\core\mllm.py,112,0.000643,674.25
get_response,c:\Users\HP\Desktop\agentWordle\gui_agents\s2_5\core\mllm.py,274,0.000011,11.25
call_llm_safe,c:\Users\HP\Desktop\agentWordle\gui_agents\s2_5\utils\common_utils.py,7,0.000018,19.25
generate,c:\Users\HP\Desktop\agentWordle\gui_agents\s2_5\core\engine.py,169,0.000013,13.50
split_thinking_response,c:\Users\HP\Desktop\agentWordle\gui_agents\s2_5\utils\common_utils.py,29,0.000036,37.25
add_message,c:\Users\HP\Desktop\agentWordle\gui_agents\s2_5\core\mllm.py,112,0.000011,11.50
parse_single_code_from_string,c:\Users\HP\Desktop\agentWordle\gui_agents\s2_5\utils\common_utils.py,44,0.000010,10.50
assign_coordinates,c:\Users\HP\Desktop\agentWordle\gui_agents\s2_5\agents\grounding.py,295,0.000017,18.00
parse_function_args,c:\Users\HP\Desktop\agentWordle\gui_agents\s2_5\agents\grounding.py,335,0.000048,50.75
parse_single_code_from_string,c:\Users\HP\Desktop\agentWordle\gui_agents\s2_5\utils\common_utils.py,44,0.000010,10.25
sanitize_code,c:\Users\HP\Desktop\agentWordle\gui_agents\s2_5\utils\common_utils.py,85,0.000001,1.25
extract_first_agent_function,c:\Users\HP\Desktop\agentWordle\gui_agents\s2_5\utils\common_utils.py,98,0.000005,5.25
fail,c:\Users\HP\Desktop\agentWordle\gui_agents\s2_5\agents\grounding.py,599,0.000001,1.00
flush_messages,c:\Users\HP\Desktop\agentWordle\gui_agents\s2_5\agents\worker.py,75,0.000068,71.50
exec,c:\Users\HP\Desktop\agentWordle\yudi.py,46,0.000039,40.50
screenshot,c:\Users\HP\Desktop\agentWordle\yudi.py,39,0.000044,46.00
encode_image,c:\Users\HP\Desktop\agentWordle\gui_agents\s2_5\core\mllm.py,52,0.000501,525.75
add_message,c:\Users\HP\Desktop\agentWordle\gui_agents\s2_5\core\mllm.py,112,0.000538,564.00
generate_next_action,c:\Users\HP\Desktop\agentWordle\gui_agents\s2_5\agents\worker.py,101,0.000567,595.00
get_response,c:\Users\HP\Desktop\agentWordle\gui_agents\s2_5\core\mllm.py,274,0.000015,15.75
call_llm_safe,c:\Users\HP\Desktop\agentWordle\gui_agents\s2_5\utils\common_utils.py,7,0.000026,26.75
predict,c:\Users\HP\Desktop\agentWordle\gui_agents\s2_5\agents\agent_s.py,84,0.000629,659.75
generate,c:\Users\HP\Desktop\agentWordle\gui_agents\s2_5\core\engine.py,169,0.000013,13.25
split_thinking_response,c:\Users\HP\Desktop\agentWordle\gui_agents\s2_5\utils\common_utils.py,29,0.000017,18.25
encode_image,c:\Users\HP\Desktop\agentWordle\gui_agents\s2_5\core\mllm.py,52,0.000605,634.25
add_message,c:\Users\HP\Desktop\agentWordle\gui_agents\s2_5\core\mllm.py,112,0.000643,674.50
get_response,c:\Users\HP\Desktop\agentWordle\gui_agents\s2_5\core\mllm.py,274,0.000011,11.50
call_llm_safe,c:\Users\HP\Desktop\agentWordle\gui_agents\s2_5\utils\common_utils.py,7,0.000018,19.00
generate,c:\Users\HP\Desktop\agentWordle\gui_agents\s2_5\core\engine.py,169,0.000013,13.50
split_thinking_response,c:\Users\HP\Desktop\agentWordle\gui_agents\s2_5\utils\common_utils.py,29,0.000017,18.00
add_message,c:\Users\HP\Desktop\agentWordle\gui_agents\s2_5\core\mllm.py,112,0.000011,11.75
parse_single_code_from_string,c:\Users\HP\Desktop\agentWordle\gui_agents\s2_5\utils\common_utils.py,44,0.000011,11.50
assign_coordinates,c:\Users\HP\Desktop\agentWordle\gui_agents\s2_5\agents\grounding.py,295,0.000020,20.50
parse_function_args,c:\Users\HP\Desktop\agentWordle\gui_agents\s2_5\agents\grounding.py,335,0.000071,74.00
safe_eval,c:\Users\HP\Desktop\agentWordle\gui_agents\s2_5\agents\grounding.py,339,0.000003,2.75
safe_eval,c:\Users\HP\Desktop\agentWordle\gui_agents\s2_5\agents\grounding.py,339,0.000002,2.00
parse_single_code_from_string,c:\Users\HP\Desktop\agentWordle\gui_agents\s2_5\utils\common_utils.py,44,0.000010,10.00
sanitize_code,c:\Users\HP\Desktop\agentWordle\gui_agents\s2_5\utils\common_utils.py,85,0.000001,1.50
extract_first_agent_function,c:\Users\HP\Desktop\agentWordle\gui_agents\s2_5\utils\common_utils.py,98,0.000005,5.50
type,c:\Users\HP\Desktop\agentWordle\gui_agents\s2_5\agents\grounding.py,412,0.000006,6.25
flush_messages,c:\Users\HP\Desktop\agentWordle\gui_agents\s2_5\agents\worker.py,75,0.000081,85.25
exec,c:\Users\HP\Desktop\agentWordle\yudi.py,46,0.000033,34.75
screenshot,c:\Users\HP\Desktop\agentWordle\yudi.py,39,0.000051,53.75
encode_image,c:\Users\HP\Desktop\agentWordle\gui_agents\s2_5\core\mllm.py,52,0.000525,550.25
add_message,c:\Users\HP\Desktop\agentWordle\gui_agents\s2_5\core\mllm.py,112,0.000557,584.25
generate_next_action,c:\Users\HP\Desktop\agentWordle\gui_agents\s2_5\agents\worker.py,101,0.000577,604.75
get_response,c:\Users\HP\Desktop\agentWordle\gui_agents\s2_5\core\mllm.py,274,0.000012,12.75
call_llm_safe,c:\Users\HP\Desktop\agentWordle\gui_agents\s2_5\utils\common_utils.py,7,0.000019,19.75
predict,c:\Users\HP\Desktop\agentWordle\gui_agents\s2_5\agents\agent_s.py,84,0.000620,650.50
generate,c:\Users\HP\Desktop\agentWordle\gui_agents\s2_5\core\engine.py,169,0.000013,13.50
split_thinking_response,c:\Users\HP\Desktop\agentWordle\gui_agents\s2_5\utils\common_utils.py,29,0.000014,15.00
encode_image,c:\Users\HP\Desktop\agentWordle\gui_agents\s2_5\core\mllm.py,52,0.000507,532.00
add_message,c:\Users\HP\Desktop\agentWordle\gui_agents\s2_5\core\mllm.py,112,0.000593,621.75
get_response,c:\Users\HP\Desktop\agentWordle\gui_agents\s2_5\core\mllm.py,274,0.000009,9.25
call_llm_safe,c:\Users\HP\Desktop\agentWordle\gui_agents\s2_5\utils\common_utils.py,7,0.000015,15.50
generate,c:\Users\HP\Desktop\agentWordle\gui_agents\s2_5\core\engine.py,169,0.000012,12.25
split_thinking_response,c:\Users\HP\Desktop\agentWordle\gui_agents\s2_5\utils\common_utils.py,29,0.000017,17.75
add_message,c:\Users\HP\Desktop\agentWordle\gui_agents\s2_5\core\mllm.py,112,0.000012,12.75
parse_single_code_from_string,c:\Users\HP\Desktop\agentWordle\gui_agents\s2_5\utils\common_utils.py,44,0.000010,10.50
assign_coordinates,c:\Users\HP\Desktop\agentWordle\gui_agents\s2_5\agents\grounding.py,295,0.000016,16.50
parse_function_args,c:\Users\HP\Desktop\agentWordle\gui_agents\s2_5\agents\grounding.py,335,0.000043,45.00
parse_single_code_from_string,c:\Users\HP\Desktop\agentWordle\gui_agents\s2_5\utils\common_utils.py,44,0.000009,9.75
sanitize_code,c:\Users\HP\Desktop\agentWordle\gui_agents\s2_5\utils\common_utils.py,85,0.000001,1.50
extract_first_agent_function,c:\Users\HP\Desktop\agentWordle\gui_agents\s2_5\utils\common_utils.py,98,0.000005,5.50
done,c:\Users\HP\Desktop\agentWordle\gui_agents\s2_5\agents\grounding.py,590,0.000002,2.50
flush_messages,c:\Users\HP\Desktop\agentWordle\gui_agents\s2_5\agents\worker.py,75,0.000085,89.50
screenshot,c:\Users\HP\Desktop\agentWordle\yudi.py,39,0.000050,52.25
encode_image,c:\Users\HP\Desktop\agentWordle\gui_agents\s2_5\core\mllm.py,52,0.000487,511.00
add_message,c:\Users\HP\Desktop\agentWordle\gui_agents\s2_5\core\mllm.py,112,0.000528,553.25
generate_next_action,c:\Users\HP\Desktop\agentWordle\gui_agents\s2_5\agents\worker.py,101,0.000545,571.50
get_response,c:\Users\HP\Desktop\agentWordle\gui_agents\s2_5\core\mllm.py,274,0.000011,11.25
call_llm_safe,c:\Users\HP\Desktop\agentWordle\gui_agents\s2_5\utils\common_utils.py,7,0.000016,17.25
predict,c:\Users\HP\Desktop\agentWordle\gui_agents\s2_5\agents\agent_s.py,84,0.000582,610.25
generate,c:\Users\HP\Desktop\agentWordle\gui_agents\s2_5\core\engine.py,169,0.000011,12.00
split_thinking_response,c:\Users\HP\Desktop\agentWordle\gui_agents\s2_5\utils\common_utils.py,29,0.000021,21.75
encode_image,c:\Users\HP\Desktop\agentWordle\gui_agents\s2_5\core\mllm.py,52,0.000626,656.50
add_message,c:\Users\HP\Desktop\agentWordle\gui_agents\s2_5\core\mllm.py,112,0.000661,692.75
get_response,c:\Users\HP\Desktop\agentWordle\gui_agents\s2_5\core\mllm.py,274,0.000010,10.00
call_llm_safe,c:\Users\HP\Desktop\agentWordle\gui_agents\s2_5\utils\common_utils.py,7,0.000016,16.75
generate,c:\Users\HP\Desktop\agentWordle\gui_agents\s2_5\core\engine.py,169,0.000011,12.00
split_thinking_response,c:\Users\HP\Desktop\agentWordle\gui_agents\s2_5\utils\common_utils.py,29,0.000021,22.50
add_message,c:\Users\HP\Desktop\agentWordle\gui_agents\s2_5\core\mllm.py,112,0.000015,15.25
parse_single_code_from_string,c:\Users\HP\Desktop\agentWordle\gui_agents\s2_5\utils\common_utils.py,44,0.000015,16.00
assign_coordinates,c:\Users\HP\Desktop\agentWordle\gui_agents\s2_5\agents\grounding.py,295,0.000025,25.75
parse_function_args,c:\Users\HP\Desktop\agentWordle\gui_agents\s2_5\agents\grounding.py,335,0.000062,65.25
parse_single_code_from_string,c:\Users\HP\Desktop\agentWordle\gui_agents\s2_5\utils\common_utils.py,44,0.000017,18.25
sanitize_code,c:\Users\HP\Desktop\agentWordle\gui_agents\s2_5\utils\common_utils.py,85,0.000002,1.75
extract_first_agent_function,c:\Users\HP\Desktop\agentWordle\gui_agents\s2_5\utils\common_utils.py,98,0.000008,8.75
done,c:\Users\HP\Desktop\agentWordle\gui_agents\s2_5\agents\grounding.py,590,0.000002,2.00
flush_messages,c:\Users\HP\Desktop\agentWordle\gui_agents\s2_5\agents\worker.py,75,0.000103,107.75
